KPI@K,1,5,10,#valid_data
NDCG,0.38,0.5028433866843388,0.5805937654575846,87
HIT,0.38,0.62,0.87,0
MAP,0.38,0.4643333333333334,0.49462698412698414,0
