KPI@K,1,5,10,#valid_data
NDCG,0.35,0.5245496252066175,0.5784979827861931,87
HIT,0.35,0.7,0.87,0
MAP,0.35,0.4673333333333333,0.4890119047619048,0
