KPI@K,1,5,10,#valid_data
NDCG,0.16,0.307002786448555,0.3620495344881741,63
HIT,0.16,0.46,0.63,0
MAP,0.16,0.25749999999999995,0.28025396825396826,0
