KPI@K,1,5,10,#valid_data
NDCG,0.35,0.47831209073564984,0.5415281394099631,79
HIT,0.35,0.59,0.79,0
MAP,0.35,0.441,0.46628571428571436,0
