KPI@K,1,5,10,#valid_data
NDCG,0.41,0.5244848524337486,0.59374555220343,84
HIT,0.41,0.63,0.84,0
MAP,0.41,0.4896666666666667,0.5190476190476191,0
