KPI@K,1,5,10,#valid_data
NDCG,0.33,0.46099005034187734,0.5298211282515932,78
HIT,0.33,0.56,0.78,0
MAP,0.33,0.42733333333333334,0.45436904761904756,0
