KPI@K,1,5,10,#valid_data
NDCG,0.354,0.4734606187201511,0.5290562828794887,755
HIT,0.354,0.582,0.755,0
MAP,0.354,0.43755,0.4603031746031746,0
