KPI@K,1,5,10,#valid_data
NDCG,0.562,0.6895854558402762,0.72770993873306,924
HIT,0.562,0.806,0.924,0
MAP,0.562,0.651,0.6667095238095238,0
